-2.2842226922512,-3.40003132820129,601.5,405,1
265.565647602081,9.86012323945761,865.5,417.5,1
3.09883654117584,-7.92030572891235,694,409,1
-558.560650110245,-76.525260925293,224.5,338,1
-13.788015127182,-297.772099971771,676,84.5,1
0.422941669821739,-2.16737088561058,652,403.5,1
655.698217153549,0.487095449119806,1058,454,1
-0.928261887282133,-3.26013761758804,602.5,404.5,1
164.254486441612,4.6417948231101,874.5,417.5,1
-290.333520770073,-9.6671105325222,217.5,359,1
-7.95869135856628,-169.302015304565,676,70.5,1
-0.036072240327485,-2.17884796857834,652.5,403,1
2.00541672110558,-6.61864149570465,694,407,1
-287.651816129684,-7.91536570899189,193,358.5,1
-0.086851424537599,-2.89314770698547,650.5,398,1
547.267996072769,16.8876977786422,1060,458.5,1
225.55019235611,25.8298395872116,881.5,419,1
0.865239439532161,0.941525012254715,602.5,404.5,1
-13.8093725442886,-171.516645669937,675.5,56.5,1
-344.986666798592,34.2586612254381,213.5,361,1
0.923619944602251,-0.011353347916156,652.5,403,1
3.42967054247856,0.015701548749348,694,407.5,1
109.792515277863,-84.9917024374008,1031.5,224.5,1
-352.417405724525,37.4977770149708,194.5,361.5,1
559.871691703796,35.3586525171995,1061,464,1
-0.314164787530899,2.98406101763248,602,405.5,1
236.565709352493,34.2497491836548,890,419,1
111.56251001358,-71.8932909965515,1049,214,1
-254.618531227112,39.4585044980049,220,336.5,1
-2.87091374397278,-181.853361129761,674,39,1
0.557009855285287,1.56748482584953,652.5,403.5,1
4.59978380799293,3.91540847718716,694,408.5,1
-313.062745630741,41.3486008569598,192.5,355.5,1
3.22359465062618,0.466056302189827,768.5,395.5,1
617.420971989632,50.332908436656,1067.5,453.5,1
1.33054208010435,2.58436301350594,602,406.5,1
-21.9356337189674,-163.751790046692,671.5,26,1
329.96210861206,36.3360566496849,905,418,1
5.45363564789295,4.08170494437218,694,409,1
-327.514146566391,62.7008358836174,210,363,1
2.55248200148344,1.5810746178031,652.5,403.5,1
65.2439031600952,-77.2102001309395,1066,198.5,1
6.04794633388519,1.10095801949501,772,395,1
795.201494693756,42.2529294490814,923.5,410,1
9.13996082544327,7.26695716381073,603.5,407,1
930.464092969894,195.070524394512,1071.5,432.5,1
315.571060180664,-212.947697639465,1101.5,187,1
8.24758589267731,3.38747960329056,653,404.5,1
21.2336605787277,9.50798630714416,697,409.5,1
-673.697092413902,171.177307963371,204.5,360,1
-706.612426757813,167.936272144318,192,360,1
14.1586921215057,2.00356435775757,773,395,1
557.3480219841,48.9468567967415,939.5,417,1
6.46684503555298,4.91008132696152,605,407,1
681.231442093849,99.2344041466713,1069.5,429,1
13.1943266093731,6.79963503777981,697.5,409.5,1
-304.700838088989,113.85720294714,206,364.5,1
5.61266720294952,2.91317248344421,653,405,1
199.626708030701,-179.219888210297,1128,172,1
10.3931404948235,1.86305832862854,773.5,397,1
599.339610338211,37.6474604904652,943.5,417.5,1
10.0722019374371,3.54016019403935,607.5,409.5,1
265.391664505005,-180.666366815567,1149,156.5,1
214.09092092514,-128.467725992203,1186.5,238.5,1
-278.701228618622,73.6000514030457,206.5,363.5,1
7.61065864562988,2.27103412151337,654,406,1
741.004561185837,89.9821195602417,1100.5,423.5,1
19.0494618415832,5.00892394781113,698,410,1
13.3659934997559,1.40244644880295,774,397,1
7.77403083443642,0.093955732416362,608.5,408.5,1
771.798464775085,23.3193558454514,967.5,419,1
348.7042760849,-229.675030946732,1173,143.5,1
-240.489805757999,64.3482159897685,204.5,362.5,1
7.65648558735848,-0.516817152500153,653.5,405.5,1
926.801422119141,85.9303982555866,1094,420.5,1
15.6654122471809,-1.81124728173018,700.5,410.5,1
248.40615272522,-139.517749786377,1214.5,226,1
668.994516372681,-6.13591372966766,1086,395,1
863.539333820343,20.8738908916712,991.5,419.5,1
9.79209804534912,-1.3134807497263,610,408,1
-256.244627356529,9.94862190634012,206.5,366,1
358.648295402527,-267.5178565979,1206,126,1
8.02141785621643,-0.532134834676981,654,405.5,1
18.2252234816551,-3.15039905905724,701.5,410,1
438.983047485352,2.75703743100166,1111.5,394,1
58.5791234970093,-2.73336172103882,891,394,1
8.44202437996864,-1.28688359260559,670.5,406,1
1741.73682069778,397.591209411621,1026.5,434.5,1
-4.23767796158791,18.7781496047974,609.5,411,1
353.219486713409,56.4841991662979,1223.5,395.5,1
-565.964693069458,32.0661237090826,203.5,363,1
94.7804391384125,47.8714256286621,897,398,1
-1.40083698928356,12.638684630394,655.5,407,1
-1.78576601296663,18.5693237781525,668.5,408.5,1
1.6857487373054,36.2335176467895,700.5,411,1
243.983977794647,86.5019330978394,1146.5,404.5,1
3.62442451715469,12.6571856737137,777.5,402.5,1
1040.79773426056,-13.2161767631769,1050,430.5,1
-41.789103448391,0.875592026859522,896.5,396.5,1
-429.160228729248,419.998785495758,208,363,1
-64.0718487501144,24.3747192621231,699.5,411,1
478.73520886898,14.4882483780384,1046.5,536,0
-532.257834076881,85.0696649551392,167.5,538,0
413.561465799809,15.7778834402561,1049.5,531.5,0
-576.66337788105,102.621950268745,164.5,536.5,0
377.369960308075,25.0450343191624,1053,534,0
-529.674790978432,143.119251012802,161.5,562,0
-26.2548062503338,-2.61149150133133,642.5,453,0
502.330193638802,62.2057703882456,1055.5,526.5,0
-1295.54544067383,395.561635494232,155.5,566,0
271.104371249676,17.7934931926429,1057.5,531.5,0
-633.461651563644,212.608272850513,146.5,538.5,0
241.771935939789,6.75692312046886,1052,531,0
227.868320941925,-14.2760872840881,1057,533,0
242.241763412952,-6.91676248423755,1061.5,538.5,0
368.99122864008,-23.1648275256157,1059.5,561,0
200.066252380609,-45.1662969589233,1063.5,539.5,0
176.734678864479,-55.5355567932129,1062,538,0
177.453487336636,-74.0423881709576,1065.5,536,0
175.666796565056,-57.6159148067236,1065,538.5,0
515.96098780632,-73.9944060593844,1069,539.5,0
333.550069570541,-82.3181408047676,1013.5,392.5,0
36.5877411067486,68.9447159618139,1066,538.5,0
120.47237098217,133.388169765472,1014,395.5,0
-348.691626548767,-44.5876414775848,612,437,0
-497.583811283112,-69.0707930624485,1062.5,533,0
-441.897569656372,-55.4077479690313,1059,531.5,0
-177.639411449432,49.8621212244034,753,421.5,0
-97.2201892286539,-194.214598357677,1056.5,527.5,0
263.220231533051,-43.3090751767159,1060,527,0
569.003530979157,-138.240065872669,991,380.5,0
159.410656690598,-81.1619162857533,1060.5,525,0
185.005348324776,21.255171507597,992.5,381.5,0
74.9118215739727,-1.34922519698739,1063,525,0
41.5338423103094,75.3992021083832,1067.5,528,0
97.404224216938,81.270227432251,1000,382,0
84.0964616537094,83.2993977069855,1006,391.5,0
-9.15742628276348,95.7988026738167,1066.5,531.5,0
28.3390465378761,77.1798491477966,1008,392,0
35.1988288760185,73.8654502630234,1003,382.5,0
-93.1993377506733,161.928942322731,1065.5,532.5,0
-37.5990971624851,128.755686998367,997,395,0
-56.7609031498432,112.057717323303,1065,534,0
-22.5535024702549,94.483873128891,995,397,0
-77.9973518103361,9.55458434298635,1062.5,534,0
-77.4691381752491,73.9294549226761,992.5,399.5,0
16.2416423559189,-78.5272409319878,993,399.5,0
-111.043975353241,43.4291175305843,1055.5,535.5,0
-8.31149521283805,24.5620338246226,1052.5,538.5,0
58.3090868890286,65.3944055736065,1053.5,543,0
13.4189794063568,-2.35349710285664,264,341,0
21.906849861145,4.43055244535208,113.5,339,0
35.5531266331673,17.9018151462078,113,339,0
24.3915614187717,8.97288732230663,623,391.5,0
12.8614438176155,2.53890602756292,261.5,343.5,0
13.7924055978656,8.73147045448422,111.5,339.5,0
32.1065646409988,6.34687864780426,112.5,340,0
25.070841550827,2.50302593410015,265,343,0
29.1157503426075,1.20925301453099,265.5,342.5,0
25.978829741478,37.0287176370621,114,344,0
24.2652505934238,35.1952896267176,265.5,344.5,0
25.0849440991878,42.444717541337,265.5,345.5,0
26.8994556814432,46.136775970459,112.5,342.5,0
28.8278415203094,-8.56067057698965,266,344,0
18.5155459791422,-1.90645845560357,73.5,343.5,0
15.9021456837654,-32.8578565120697,73,344,0
26.7301648855209,-21.4121910408139,268,343.5,0
16.7048196047544,-11.6302925795317,117,341.5,0
18.6324919760227,-17.8177583217621,269,342,0
12.6836107969284,-19.0949058532715,116,341,0
15.5039311498404,-24.8570509403944,270.5,342.5,0
12.2554985582829,-30.2055497914553,116,340.5,0
14.923487752676,-34.402536958456,268.5,343.5,0
13.4367346316576,-71.4549440145493,75.5,341,0
31.2080233097076,-85.6903329789639,269.5,340.5,0
2.26733092218637,8.5685460716486,75,339,0
15.2221963405609,8.04542550444603,275,339.5,0
13.0987771749496,-11.1242547109723,277,340,0
32.4177542328835,24.1323741674423,316,312.5,0
14.2847436368465,10.7036019563675,316.5,313,0
-44.3423357009888,7.10291787981987,384,395,0
10.5053645968437,1.65999602898955,316.5,313,0
14.0166832506657,-1.91192083060741,315.5,314,0
20.1640082001686,-16.6682208701968,74,338.5,0
8.7279394119978,-11.0728870332241,74,338.5,0
13.5263936370611,-7.21978931128979,318.5,312.5,0
-39.7334986925125,-0.125256457482465,380.5,395.5,0
-67.3747044801712,-13.5745450258255,379.5,395.5,0
21.7941298037767,-53.6191399693489,75.5,324.5,0
-85.6227943897247,-37.1868947148323,372,392.5,0
66.9380855560303,-76.6825348436832,166,315.5,0
32.106581389904,-81.5594363808632,81,323,0
36.1975918710232,-65.784637928009,308.5,296,0
-196.958839774132,-84.8423008918762,365.5,391.5,0
118.45586514473,-205.901502072811,166,313.5,0
65.3614395260811,-198.400992393494,81.5,318,0
68.3322604894638,-151.240047931671,310.5,292,0
-98.3290461301804,-31.4176564216614,358.5,391,0
60.923329859972,-76.5905767679215,168.5,311.5,0
38.1384169608355,-73.4175796508789,82.5,316.5,0
34.8904781341553,-58.6854319572449,309,292.5,0
-110.142321109772,-11.7891765758395,351,390.5,0
53.5029814392328,-43.0194216817617,167.5,311.5,0
34.8881084471941,-41.3262491226196,83.5,316,0
-59.6391620635986,-9.77661819756031,347,390.5,0
24.2277822643518,-26.8256215006113,83.5,317.5,0
36.2688575536013,-23.8244835287333,165.5,312.5,0
11.3721507713199,-18.1043655723333,310.5,289.5,0
-116.769644260407,-11.8325683772564,347,390,0
54.116673707962,-40.3917007893324,164,312.5,0
42.3705789446831,-38.3525971770287,85,317,0
19.1676724404097,-33.8717918395996,310.5,287,0
-188.110253810883,-29.7517557442188,337,381.5,0
88.6705727577209,-66.058510363102,162,306,0
-74.1979574561119,-13.89119361341,333.5,384,0
21.6774964332581,-34.4688657000661,164,304.5,0
22.4515767395496,-37.4255865812302,87.5,315,0
-72.7210321426392,-11.7126395925879,333,379.5,0
40.4025237858295,-29.5462715402246,112,313.5,0
-145.791793823242,-31.569604486227,332,382.5,0
74.7136384248734,-77.1524142026901,110,311.5,0
147.087291479111,-227.06528878212,637,294.5,1
25.2695236206055,-102.664661407471,554,245,1
24.1315479278564,-82.7280399799347,557,253.5,1
-170.304988861084,-67.0994410514832,30,271,1
138.849763870239,21.4848943054676,645.5,294.5,1
8.34918496012688,40.5272552967072,315.5,260,1
29.6409356594086,-0.883695602416992,557,244,1
-56.181338429451,93.2400043010712,28.5,281.5,1
27.8610354661942,0.196753695607185,559.5,252.5,1
1.15037221461535,103.5791888237,316,268.5,1
105.968391895294,139.192888140678,650,305.5,1
-66.0903811454773,111.406370639801,27,283,1
22.7645983099937,31.4646745920181,560.5,254.5,1
8.3820219039917,87.040947675705,361,265.5,1
7.82763451337814,-3.09133648872375,315.5,268,1
129.393599510193,37.2259857654572,655,306.5,1
14.5635043382645,-4.02320529520512,362,265,1
-41.2785816192627,-19.0702457427979,21,285,1
-3.60293912887573,-23.7621963322163,316,267.5,1
74.0181162953377,-7.74047493934631,657.5,306,1
-55.9638683795929,0.792293548583984,21,284,1
16.660338640213,-10.6636097431183,571.5,255,1
-34.2956743240356,143.079850673676,310,274,1
34.5799448490143,127.658278942108,659,310.5,1
6.35780110955238,18.0879895091057,578,269.5,1
-18.7265818119049,94.3456172943115,361.5,270,1
-101.24356842041,234.824988365173,15.5,296.5,1
0.950570046901703,18.6633586883545,571,256.5,1
-82.2482061386108,134.94729924202,658,316.5,1
-36.8703156709671,68.2879400253296,301.5,279.5,1
-18.7832042574883,24.7944085597992,573.5,271,1
-48.3277566432953,58.1262459754944,11.5,298,1
-1.53401662409306,96.1803789138794,302.5,283,1
75.6549451351166,212.515227794647,660,325,1
25.1194517016411,32.8348898887634,579.5,281,1
20.0535354614258,36.1596993207932,573,269.5,1
6.8723663687706,72.4077725410461,359.5,279.5,1
48.2827663421631,154.862325668335,661,338,1
-4.73621946573257,91.9981298446655,303,287,1
19.0329623222351,28.6932587623596,580,285,1
17.5685029029846,33.3585089445114,572,270.5,1
-0.01285589132749,-0.001925290634972,661,338,1
2.79590791478768E-05,0.00013749682148,302.5,287,1
2.81646716757677E-05,2.76721337968411E-05,580,285.5,1
-0.00344124250114,0.023360394290648,572,270.5,1
-902.43278503418,-495.919589996338,634,314,1
-215.777391433716,-353.120704650879,267,272,1
-176.982181549072,-145.739971160889,555,258.5,1
-0.319268724415451,-0.009214318764862,634,314.5,1
-0.29619013890624,0.127196528948843,267,272,1
4.25064058617863E-05,1.75500940713391E-05,555,258.5,1
-80.6704688966274,959.82159614563,629.5,351,1
-42.4931716918945,551.33141040802,263,301.5,1
14.3787476122379,160.855236053467,559.5,293,1
150.925352096558,525.386614322662,1110,339.5,1
-98.9622459411621,-6.80263890326023,624,350,1
-25.0480406284332,-110.693469643593,259.5,297.5,1
1.58672116324306,-21.3430712819099,556.5,285.5,1
74.5033046007156,49.2944000959396,1120.5,342.5,1
-0.111453148536384,0.046692357747816,624,350,1
-2.49951759769829E-05,6.1526272077117E-05,259.5,297.5,1
1.89677887192374E-05,-4.25232451561897E-05,556.5,285.5,1
-0.0001528399157,3.09975254424444E-05,1120.5,342.5,1
-402.218377590179,389.99987411499,620.5,365,1
-78.9890823364258,-18.256853312254,249,296,1
227.973815917969,143.944055557251,1147,353,1
5.0537147372961,4.81231275200844,556.5,285.5,1
0.348247071378864,-0.128622356336564,620.5,365,1
0.000114340502478,0.001630943435885,249,296,1
-0.000174832481207,-3.73545868797009E-05,1147,353,1
2.65602991476044E-05,-3.18643404852992E-05,557,285.5,1
-837.055389404297,586.440715312958,601,392.5,1
-146.48726606369,330.04914522171,227.5,314.5,1
-99.1505706310272,49.5969378948212,528.5,283.5,1
-761.075477600098,-71.400099426508,596,381.5,1
-102.477612495422,-204.726139068604,214.5,307,1
-63.7407913208008,-48.383552312851,523,271.5,1
-67.4999678134918,-153.218566894531,288.5,293,1
-0.222718271426856,-0.013673594570719,595.5,381.5,1
-2.57673235637412E-06,3.41440086799594E-05,214.5,307,1
4.0310717849934E-05,-1.4171253440054E-05,523,271.5,1
-3.44024462037851E-05,1.17301369755296E-05,288.5,293,1
-522.200045585632,207.282744526863,579,399,1
-27.1482244133949,-367.23461151123,210.5,286,1
36.5745072364807,-113.398599624634,528,251,1
0.14779797027586,0.18320247263182,579,399,1
1.83751657800713E-05,0.000146585334733,210.5,286,1
-0.286403873004019,0.010270930361003,527.5,251,1
-342.879329323769,-379.902160644531,555.5,395,1
-80.3108398914337,-636.87064409256,200.5,254.5,1
-50.2904114723206,-365.385103225708,224.5,121,1
-390.791333317757,653.791647791863,553.5,410.5,1
24.7118273377419,-89.8705828785896,203.5,252.5,1
34.8844796419144,-30.997772693634,524.5,212,1
-0.60293011367321,-102.243732333183,224,113.5,1
-0.712272226810455,-0.546019754488952,553,410.5,1
0.003594502428314,-0.595422089099884,203.5,252.5,1
-8.31381044008595E-05,-7.18917181075085E-06,524.5,212,1
2.9838861337339E-05,-3.06265582707965E-05,224,113.5,1
-116.837860196829,-312.255443572998,477,435,1
18.6270897388458,-342.277795791626,206,238,1
-10.1025286801159,-7.26017466187477,369.5,224,0
-54.4403074979782,-1.69263052940368,357,225,0
-59.0970477461814,8.02609170228242,360,226.5,0
-165.61671423912,47.1554428339004,356.5,226,0
151.134006500244,-9.15780602395534,458,214.5,0
-81.0731786489486,36.3900296688079,337,230.5,0
70.4685375094413,-1.60593037679791,458.5,216.5,0
-83.685657441616,40.1163328886032,334.5,232,0
70.4245213866233,1.47534915246069,462.5,216.5,0
-80.4351431131362,42.8784352242946,333,232.5,0
68.9749402999878,2.25952940806746,466,217.5,0
-83.0221039056778,38.9866433143615,330,235,0
57.9898953437805,1.85518451593816,466,217.5,0
-139.039926111698,59.663518667221,324.5,239,0
112.136279344558,9.42149342596531,466,217.5,0
-46.7603596001863,15.2250407487154,324.5,238.5,0
53.2000440359115,7.17916516959667,465,217.5,0
-21.4769050329923,13.6847244352102,325.5,240.5,0
69.951985925436,10.5185069590806,466.5,217.5,0
-9.12052920460701,5.35761004686355,324,241,0
76.6724489927291,12.01541608572,471.5,223,0
-10.6492392495274,5.78107917681336,325,241.5,0
85.2752521038055,14.4023585915565,473,223,0
-4.19957792758941,26.1946041584014,321,241.5,0
214.389058589935,39.8749261498451,475.5,223.5,0
-3.83869615197181,12.2437743768095,321,241.5,0
110.015130579471,17.0456990897655,476.5,224,0
-4.19634296558797,13.3464987277984,322.5,242,0
106.531424492597,12.5437348634004,480.5,224.5,0
0.833890467882156,13.6714415848255,323.5,243,0
118.971244990825,9.8779296875,481.5,225,0
-10.0981748923659,13.4758571237325,326,242,0
137.283696651458,9.26402259618043,484,223.5,0
-12.7337618954479,-0.625181553419679,323.5,242.5,0
247.505075454711,-5.65071085095405,502,226,0
-33.3588533401489,-1.64326716214418,328,238,0
102.666125535964,-0.056009890977293,504,226,0
-106.565898180007,9.10315227508545,320,238.5,0
189.313629508018,13.0564837455749,505.5,225,0
0.191101067815907,0.008067001639574,320,238.5,0
0.003223596049793,0.001397564039507,506,225,0
-57.7871492952108,17.3523193746805,325.5,239.5,0
96.0147142410278,15.1165851950645,507,225,0
-118.867938101291,34.5780923962593,329.5,243.5,0
236.659768044948,30.1648318767547,512.5,225,0
109.456689476966,35.38902926445,438,230,0
-74.9832405745983,10.6009186953306,339.5,243,0
111.620280355215,9.11317420005798,512.5,226,0
-105.203460037708,12.9590587615966,334.5,247,0
52.5992820262908,36.7998564839363,1124,259.5,0
-4.49414337985217,11.1042203530669,436,229.5,0
108.276056587696,8.49341431260109,519,226,0
-105.373029649257,15.0059204101562,333,248,0
5.01879298873245,11.9499730020761,440,230,0
103.742390692234,12.7981226295232,517.5,226.5,0
-126.249057918787,19.4558234065771,326.5,248.5,0
192.207976579666,27.641636699438,520,227.5,0
-286.589372634887,40.6929005086422,312,258.5,0
130.025966644287,16.1201780587434,524.5,228.5,0
-129.825561523437,25.9004949778318,315,255.5,0
140.033015191555,18.185067102313,533.5,228.5,0
-144.968373566865,24.3746128678321,282.5,264,0
138.595917940139,16.1283434182405,534.5,228.5,0
-120.382578611373,27.5112176388502,311.5,257.5,0
160.147632360458,15.9394974708557,547,231.5,0
-121.400925070047,20.2698931396007,279.5,268.5,0
302.225270032882,25.0916592776775,546,233.5,0
-219.09984254837,43.4905714988708,279,268,0
169.829008460044,6.87099361047148,547,233.5,0
-118.345453858375,17.1964547857642,277,270.5,0
177.430020689964,4.83699106425046,546,232.5,0
-142.18699145317,12.6292098164558,268.5,270,0
211.272654533386,0.692621975205838,550,232.5,0
-154.699451208114,9.25631383806467,259,270,0
221.477684855461,2.92559164576232,551.5,231.5,0
-145.094451129436,7.92842208594083,250.5,268,0
498.613008260726,-1.740970778279,559.5,231.5,0
-371.838648319244,8.8701045513153,226.5,268,0
266.744538068771,-0.268618874251842,561,232,0
-205.398641228675,13.2411916404962,215,262,0
297.008261203765,2.68266537599265,566.5,232.5,0
-208.517210423946,17.2704484835267,214.5,265.5,0
291.474418997764,1.93385273404419,574,231.5,0
-205.536036968231,23.730375021696,214.5,266,0
334.414826869964,10.8348293304443,578,233,0
-194.513394355773,23.5001997426152,216.5,265.5,0
711.079094886779,37.8831722736358,596,237.5,0
-429.68121767044,73.5897025465965,209,269.5,0
373.280189931392,24.9561067223548,597.5,237.5,0
-223.288824677467,41.3658841401338,208,284.5,0
-6.21733163669705,52.0511549264192,738,463.5,0
9.39643643423914,2.32066956628114,748,463.5,0
4.84038374200463,2.63903383165597,748,463.5,0
11.9488898497074,4.01617151685059,743,462.5,0
2.01948010269552,1.4659101369325,742.5,462.5,0
-0.228792082925792,0.806652389932423,742.5,462,0
-0.466978925687726,0.358379205863457,740.5,461.5,0
-0.473534274380654,-0.517599721206352,741,461.5,0
-1.97705193352885,-2.11533636366948,739.5,461.5,0
-116.837860196828,-312.255443572998,477,435,0
-317.003512680531,-23.5292249321938,371.5,399.5,1
-11.014242913574,-4.40865814685821,875.5,434.5,1
3.83162721246481,0.170305677689612,744.5,409.5,1
-0.796921480447054,-0.401753202080727,651,407,1
-1.73305624723434,-0.02181664807722,683,411,1
43.9834363460541,0.293450992554426,1070.5,403.5,1
-0.551583927124739,-8.64253449440002,684.5,303,1
-2.75653723627329,-1.16294983774424,604.5,407.5,1
5.67539010941982,0.29795191809535,778.5,406,1
154.378012657166,1.78715900331736,1186.5,407.5,1
-318.594074249268,-12.562939953059,371,401.5,1
2.31552384793758,0.418188866693527,875,434,1
5.12476271390915,1.65900868177414,746,409,1
49.6844825148582,1.0630588978529,1070.5,404.5,1
0.06088401528541,0.122553839348257,683.5,411.5,1
-0.325632479041815,-0.006296687759459,650,407.5,1
149.346258759499,2.12686188519001,1192.5,408,1
-0.281814686954021,-7.4438157081604,684.5,301.5,1
-0.716923050582409,0.176218811422586,604.5,408,1
7.15373653173447,0.505021052435041,780,407.5,1
-55.3519910573959,-1.59410738945007,119.5,386,1
-60.5786465406418,-1.15359328687191,167.5,391.5,1
-653.029691696167,-13.7732275575399,356,403,1
37.0554746985435,12.9740685299039,876.5,435.5,1
12.0591697692871,2.40812088549137,747,411.5,1
-2.1515147164464,1.34683176875114,604.5,409,1
1.32093556970358,1.29057638347149,683,412,1
273.302719116211,2.9000905752182,1202,406.5,1
-0.613965362310409,0.645160861313343,650,407.5,1
-0.049130285158753,-14.8734542131424,685,299,1
102.916574478149,2.46852219104767,1072,405,1
103.324699401856,0.810904204845428,1147,399,1
13.1114900112152,1.50727307796478,777.5,408,1
-339.325204193592,-17.1293393075466,355.5,405,1
24.2918312549591,6.171710036695,876,434,1
5.94337320327759,-0.499666528776288,746,410.5,1
176.199523448944,0.925424128770828,1212,407,1
-0.161123547703028,-1.1928199082613,683,411.5,1
-0.403810040093958,-0.174933923408389,604.5,408.5,1
-0.007813626900315,-9.05259037017822,685,298,1
53.7821855545044,0.152639185544103,1074,404.5,1
-0.053511364851147,-0.997734628617764,649.5,407.5,1
54.2510998249054,-0.482331857085228,1149,399,1
-51.1553239822388,-3.07809117436409,108,384.5,1
-345.090301632881,-2.12927128374577,353,404,1
28.8961782753468,15.0742572247982,875,435,1
189.374673366547,2.68449340760708,1217,407.5,1
0.433553609997034,-6.98641937971115,685.5,297,1
7.24755477905273,2.22736805677414,747,411,1
-0.041360939154402,1.21602772176266,650.5,407.5,1
-0.672919638454914,2.04441353678703,603.5,408,1
72.1427037715912,2.24826410412788,1085.5,404.5,1
0.910616716369986,2.79104822874069,685.5,416.5,1
-52.4491386413574,-1.16428911685944,102.5,385,1
-366.194833755493,-2.92452538385987,342.5,405,1
37.3626807332039,9.05671632289886,876,436,1
7.12922587990761,1.65337267518044,747.5,411,1
175.745491981506,2.03286355733871,1225,407,1
-1.386649440974,1.02795894816518,604.5,409.5,1
73.3501077890396,1.29220769554377,1086,404.5,1
0.043235868448392,-6.79904267191887,685.5,295.5,1
0.108417096547782,0.253375262022018,651,408,1
0.744740217924118,1.22190043330193,681.5,410.5,1
-67.0433044433594,-2.21450281888247,95,385.5,1
49.2317401170731,0.609074154868722,1149.5,399.5,1
6.38542354106903,1.16061656177044,781.5,407.5,1
-60.5474245548248,-1.63291490077972,141.5,390,1
-371.013710260391,0.206071666616481,336.5,404.5,1
40.8544666767121,14.2890617251396,877,436,1
-0.246616635471582,1.2112093269825,605.5,409.5,1
7.15516501665115,2.72503289580345,748,411.5,1
0.327751001343131,1.29703152179718,650,408.5,1
183.628673553467,3.36348838359117,1234,408.5,1
64.3926658630371,2.28002339601517,1097,405,1
-0.086431012488902,-7.78960293531418,685,293.5,1
0.428343599662185,2.76494456827641,681.5,411.5,1
48.2540833950043,1.86756870150566,1163.5,397,1
-716.277806282043,-10.4101635813713,326,403.5,1
98.0097160637379,9.44717665761709,878.5,436.5,1
-0.67106107622385,-0.298154294490814,605,409.5,1
15.7745409011841,2.12060496211052,752,411,1
0.380380244925618,-0.076417960692197,649,408.5,1
153.293086528778,2.63926416635513,1100,405,1
1.86427192762494,1.928371489048,682.5,412,1
332.291694641113,3.65451166033745,1237,408,1
0.128701318986714,-17.6413157582283,686.5,291.5,1
102.082803249359,2.72675184905529,1168,403.5,1
-121.598261833191,-5.58128929138184,84.5,383.5,1
-401.260759234428,-16.4589855931699,319.5,402.5,1
47.4650529026985,-1.0910446215421,889,437,1
127.971318244934,0.01170853455551,1241.5,409.5,1
-0.632708087563515,-0.496702931821346,604.5,410,1
6.92595195770264,0.218465575017035,752,411.5,1
86.2635852098465,-0.033808883861639,1101.5,405.5,1
0.146822534501553,-0.103411318268627,649,408.5,1
-0.254430519416928,-13.6344726085663,684.5,289,1
0.095177273266018,0.056822902522981,682.5,412,1
56.3152334690094,0.072868136689067,1173,403,1
63.8641991615295,-3.96406641975045,880.5,435.5,1
-410.882052659988,-15.3407940119505,319,403.5,1
-29.7977286577225,2.73331871628761,476,282,0
-22.6750335693359,5.58032680302858,474,281.5,0
11.2966556549072,-2.09758400917053,475,281.5,0
37.6647754013538,-11.8532157242298,478.5,281.5,0
104.823549151421,-35.5134850144386,477,272.5,0
109.536254525185,2.88218752294779,480.5,278.5,0
123.018846511841,7.17923712730408,482,280,0
218.928809165955,2.94488787651062,498,279,0
237.821926355362,2.61927507072687,502.5,279.5,0
471.189220905304,5.9824241399765,516,279,0
270.979745864868,-0.00010191719673,525,279.5,0
218.273078799248,4.82856108248234,526.5,280,0
240.67064499855,6.16413076221943,531.5,280,0
233.361172676086,10.6313238143921,547,282,0
421.882110595703,33.4094637036324,554,283,0
245.195129513741,21.9851194620132,558,281,0
236.129559278488,28.2488250732422,568,282.5,0
264.632416963577,29.2519337236881,569.5,285.5,0
235.356649518013,28.4495968222618,572.5,289,0
386.371139287949,69.6764302253723,580,284,0
136.920847654343,39.3121643066406,583,288,0
55.6371892690659,40.3229224383831,583,294.5,0
-10.1255165636539,38.077638566494,598,294.5,0
-92.3911631107331,35.0868576169014,597,295,0
-448.276218771935,89.2092161178589,583.5,300,0
-335.45969581604,51.0449683666229,582,302,0
-395.199285507202,57.2131960988045,580,300.5,0
-501.462610065937,68.5133838057518,579.5,304.5,0
-611.543704748154,77.6802209615707,555,309,0
-1213.9801940918,213.346951961517,537,315,0
-722.447211742401,111.094967842102,469,355,0
-880.512492895126,105.856973528862,637,363,0
-172.767773285508,3.61268162168562,373.5,405.5,0
-137.672266691923,-17.27551689744,364,362,0
-171.235248684883,-0.603248039260507,368,362,0
-48.9070108532906,-1.73212350159884,943,363,0
-88.7093824446201,73.7821531295776,941.5,368,0
-87.6038566827774,24.0406637489796,942,368.5,0
-76.0197100043297,51.5355376601219,942.5,369.5,0
-66.7335071861744,69.4097333550453,942.5,373.5,0
-110.034216940403,45.244070827961,941,378.5,0
-316.327424049377,93.4459260106087,926.5,380.5,0
-197.475059509277,89.6193500161171,922,389.5,0
-237.529877066612,60.4102465510368,921.5,391.5,0
-281.85849827528,68.5128672122955,914.5,394.5,0
-334.776004314423,63.5470337867737,909,397,0
-841.742042779923,95.6795349121094,896.5,399,0
-545.491466999054,65.721538156271,895,402.5,0
-617.830772399902,44.5316609144211,873,404,0
-729.327599287033,51.2302668392658,869,405.5,0
-848.389632940292,55.8466640710831,855,410,0
-2418.42821121216,159.815411567688,821,418,0
-1375.43506622314,107.887464761734,806,423,0
-1526.47213172913,108.986813127995,781.5,426.5,0
-1724.18525123596,138.325280547142,769.5,433,0
-1894.65519285202,136.964437007904,740.5,435,0
-3409.60839176178,129.971942961216,710.5,437.5,0
-2346.77808475494,136.003158390522,653,455.5,0
-2203.44104576111,142.831337153912,628,458,0
-2129.01944160461,117.504234611988,625,460.5,0
-1642.10812926292,166.479015171528,626.5,469.5,0
1547.64251708984,402.645729422569,640,491.5,0
-2427.80288720131,354.011085033417,636.5,485,0
-262.602624133229,-102.209001854062,646.5,492.5,0
-718.523956537247,12.2707265708596,641,479.5,0
260.996066689491,-64.9972056597471,627,474.5,0
339.754975318909,-5.26292994618416,304.5,229,0
306.959857940674,21.0536546111107,1053.5,278.5,0
153.874251365662,-47.6165338754654,810,418.5,0
164.086520195007,-54.5409750938415,821,418,0
214.318636894226,-58.75643491745,833,412,0
121.097762584686,-26.5738016366959,839,410,0
155.112538337708,-12.262120038271,868,408,0
209.989013671875,0.942643821239471,878,407.5,0
456.969147205353,64.2623484134674,900.5,417,0
751.02529335022,167.924137115479,930,421,0
231.86580657959,52.9686044454575,933,423,0
268.111160516739,47.1910996735096,944,422.5,0
237.887408852577,37.1784119009972,949.5,426,0
1049.87122535706,-28.7240389734507,989.5,427.5,0
585.950971126556,-40.8233199119568,1011.5,427,0
290.672918558121,-8.32298261299729,1018,428.5,0
1210.95394849777,82.1765094399452,1047.5,431.5,0
347.28137588501,56.8702326714993,1065,444.5,0
339.311416387558,91.8343079388142,1073.5,446.5,0
10.6107954233885,11.908297419548,805.5,190,0
18.2585198879242,17.5841891765594,785,200,0
7.53141921758652,6.79748730361462,796,202,0
45.8144541084766,-2.84812964126468,800.5,200.5,0
63.0493339300156,10.4684706777334,801.5,202.5,0
64.9229866266251,0.311706904321909,800.5,204,0
39.4044446200132,-11.1938147842884,785.5,203,0
117.161558389664,-18.9660144150257,784,199,0
275.059787511826,-23.0537721663713,811.5,190.5,0
1.91399751603603,-11.7865458726883,666.5,183,0
42.1651625931263,-13.7888820469379,784.5,198.5,0
144.133245944977,-7.97179916501045,821.5,195.5,0
136.610233068466,-5.41919074207544,821,195,0
141.08238530159,-10.9368178322911,822,195.5,0
115.546249389648,-1.95216691121459,1250,407.5,1
87.4698600769043,-1.35664111375809,1110,405,1
8.67499727010727,-0.996505759656429,753,411.5,1
0.896278956905007,-1.02992083132267,682.5,412,1
-0.439996607601643,-1.38795905560255,605,409.5,1
0.31671142578125,-13.0098407268524,685,287,1
0.747561804950237,-1.13048538565636,650.5,408.5,1
63.1885080337524,-1.77851915359497,1173,403,1
-404.092545032501,-13.2965525984764,317,402.5,1
66.7987236976624,0.604865178465843,881,436,1
107.340421199799,-1.93355029821396,1251.5,407,1
91.3120123147964,-2.95948386192322,1112.5,404.5,1
10.068628013134,-1.18922609835863,753,410.5,1
-0.436171740293503,-1.96945524960756,604,410.5,1
0.213926481083035,-12.9470829963684,685.5,285,1
1.54298079758883,-1.58542110025883,682,411.5,1
0.099880651570857,-1.06025326251984,651.5,408,1
57.8312441110611,-2.00877295434475,1187.5,399.5,1
-430.360546708107,-12.4310277923942,309.5,399.5,1
74.1902121305466,1.40518068522215,888,436.5,1
96.7333575487137,-2.18288610875607,1120.5,405,1
81.2279332876205,-1.7860329374671,1259.5,408.5,1
0.214166706427932,-12.6609414815903,686.5,282.5,1
10.4183519780636,-0.908694472163916,754.5,409.5,1
0.768169261515141,-0.793834833428264,686,411.5,1
56.453001499176,-2.01794067025185,1189.5,399.5,1
-0.806729912757874,-1.37455493211746,602,410,1
0.009010334964842,-1.03074375540018,651.5,407.5,1
169.895419359207,16.5750502496958,889,436.5,1
-818.39501619339,-27.9526315480471,304.5,402.5,1
0.314487755298614,-29.307559967041,687,278,1
101.345098972321,-4.46333080530167,1265.5,408.5,1
-0.243665024638176,-0.260571334511042,602,408,1
23.1308464407921,-0.346703764051199,756.5,409.5,1
3.08470773696899,-1.44096864759922,683,410.5,1
180.495911836624,-1.41492839902639,1125.5,405.5,1
1.56588457524776,-0.515293106436729,651.5,407,1
103.338890790939,7.10834071040154,889.5,436,1
-492.565394639969,-21.0524239242077,287,400,1
0.46563065610826,-16.5159243345261,685.5,275.5,1
11.7488408088684,0.185314952395856,757,410,1
23.0258631706238,-1.12305855751038,1272.5,408.5,1
-0.286626577377319,0.029872863553465,603,408.5,1
58.1145172119141,-2.43201452493668,1119,405,1
0.120090929791331,0.093288715230301,683,410.5,1
-0.002026348425716,-0.005528736626729,651.5,407,1
115.746667027473,3.1791065633297,890,436,1
-474.721158266068,0.972523264819756,287,401.5,1
193.164286613464,-2.36853774636984,1135,404.5,1
-0.539707522839308,-16.2735366821289,684.5,274,1
-0.372978701256216,0.778971537947655,602.5,408,1
15.4333723783493,-0.156738283112645,759,409.5,1
50.640310049057,-3.34981270134449,1210.5,398.5,1
0.751001689583063,0.022958653280512,686.5,411.5,1
-0.036592693068087,-0.008291644626297,651.5,407,1
112.973240196705,-0.818109568208456,891.5,434,1
-458.509410858154,-6.63531731069088,286,402,1
94.9228985309601,-3.02138900756836,1143.5,404,1
-0.02302279509604,-0.518673583865166,602,407,1
15.3229751586914,-2.14678905904293,759,410.5,1
0.378999654203653,-16.7522374391556,685,271.5,1
2.94933034479618,-2.47542050480843,684.5,410,1
1.03181228041649,-0.85181538015604,651,406.5,1
132.360939145088,-5.31690352037549,894.5,434.5,1
-480.288616061211,-8.1897689960897,301,405,1
102.625868797302,-3.60714942216873,1145,404,1
-0.636660400778055,-1.02858804538846,602.5,407.5,1
1.6960539072752,-2.6136042252183,684.5,410.5,1
0.773213664069772,-1.3279515132308,650.5,406.5,1
12.799197435379,-2.05968407914042,767,409.5,1
-0.664316758513451,-16.8785780668259,685.5,268.5,1
9.48055222630501,-1.14683490246534,756.5,409.5,1
273.201733589172,-13.8299055397511,896,434.5,1
209.322270870209,-10.1934642791748,1158.5,403,1
-0.099649960175157,-2.27833914756775,603,407,1
-1071.21587753296,-52.275648355484,302,402,1
-0.698487114161253,-44.2616688013077,684.5,261.5,1
32.6818430423737,-5.22000536322594,768,409.5,1
54.2132098674774,-9.62583303451538,1265.5,397,1
2.71655748039484,-4.67061799764633,683.5,409.5,1
134.627553701401,-8.13772693276405,1223.5,397.5,1
1.23356452211738,-2.11925245821476,649.5,406.5,1
173.849686980248,-2.48346756957471,900,435.5,1
-515.142206788063,-4.03411191981286,263.5,397.5,1
105.238196253777,-5.30962213873863,1161.5,402.5,1
-0.380432385019958,-1.13334944844246,603.5,407,1
-0.747507717460394,-21.5808427333832,684.5,260,1
2.45648845285177,-2.80819824337959,683.5,411,1
16.0930163860321,-3.5620154067874,768.5,408.5,1
2.17558613419533,-1.2542987242341,649,405.5,1
90.9495618343353,-5.86993665993214,1236,395.5,1
30.1751124858856,-6.04197765886784,1266.5,396.5,1
173.364817857742,0.282864360604435,898,435,1
117.623482704163,-4.6593736410141,1167.5,399.5,1
-523.075297117233,-18.649800427258,260,400,1
-0.104416748974472,-1.79216095805168,603.5,406.5,1
0.23935625795275,-22.3306533694267,684.5,256.5,1
17.1576598286629,-3.13861247897148,770,408,1
2.74062525480986,-2.89399963617325,683.5,410,1
90.5871849060059,-5.21867528557777,1238,395,1
354.077882051468,-16.9650947898626,828,192.5,0
336.795326948166,-12.8641777634621,912.5,182.5,0
194.271133959293,4.33515151962638,831.5,194.5,0
185.233535468578,-4.03029872477055,830.5,195,0
232.595544397831,0.306362517178059,836.5,196,0
245.062977075577,-1.20617176406086,840.5,197,0
-10.1687863916159,4.9994535446167,782.5,198.5,0
-4.68217723071575,17.1532422304153,780.5,199.5,0
220.492562055588,17.6532690525055,838,204,0
156.459469199181,35.2628856897354,826,206,0
116.911164969206,29.6697814315557,813.5,206.5,0
64.1684546023607,48.8342818915844,800.5,210.5,0
26.5832957625389,28.2732388973236,803,211,0
29.8122480735183,25.9931761175394,801.5,213.5,0
20.6663500517607,40.1057371199131,801,213.5,0
3.38397179730237,34.710196480155,797.5,214.5,0
-47.5187292695046,62.5732044875622,783,224.5,0
-33.6279633566737,23.9201048016548,782.5,225,0
-25.4720344543457,31.8836832642555,783,225,0
-55.104217544198,23.9862198829651,781.5,226,0
-48.6237543225288,32.0146054029465,782,225,0
-141.75933739543,48.449886739254,794.5,226.5,0
-97.6570321619511,14.9508333206177,792.5,227.5,0
-106.229223966599,25.8527307212353,781.5,227.5,0
-116.639333486557,39.1883932203054,781,228.5,0
-136.240470051765,20.0203125178814,778.5,229,0
-290.643825888634,57.263786315918,771.5,228,0
-159.413406819105,15.1746956557035,768.5,228.5,0
-176.568835616112,16.6540184542537,767,228.5,0
-174.012062251568,21.4041757285595,764.5,231.5,0
-199.723392426968,18.5356169417501,754.5,230.5,0
-445.98924946785,20.7338487505913,751.5,230,0
-242.339877784252,14.5418372377753,748.5,229.5,0
-248.838398456573,-0.917742465622723,745.5,227.5,0
-260.843270301819,-5.85670672357082,740,227.5,0
-262.895447015762,-12.0935941264033,738,229.5,0
-549.991728663445,18.4999453127384,731.5,228.5,0
-274.824217915535,30.5852743983269,723.5,230,0
-269.286018371582,46.0334483385086,717,232,0
-288.100404143333,10.6764208711684,714.5,232.5,0
-273.084907531738,49.7167003452778,709,233.5,0
-481.945950508118,-26.7471001297235,252,394,0
708.813837528229,27.8422498703003,949,448,0
-914.72721862793,-81.4723650366068,257,393.5,0
413.594379901886,10.5278125405312,953,448,0
-454.641755580902,-20.7215595059097,251,396.5,0
461.031419277191,22.5937524437904,962.5,449,0
-443.873293161392,-9.1695324331522,247,397,0
482.902478814125,34.841028675437,966.5,451.5,0
-412.515159130096,-11.2860515713692,252,362,0
521.399411916733,32.0594914853573,975.5,451,0
-421.54768371582,5.63609842211008,248,366.5,0
1310.29090118408,82.7954985499382,999.5,454,0
688.96980714798,50.445161819458,1005,456,0
787.547141075134,50.8110679388046,1022.5,457.5,0
853.896537065506,61.7366576194763,1028.5,457.5,0
901.649547100067,67.7370735704899,1034,458.5,0
1997.24354982376,103.979721307755,1047.5,461,0
1023.70935249329,62.6998654603958,1047,460.5,0
1046.8569688797,54.6796789318323,1046,459.5,0
1037.29646086693,35.479743629694,1047.5,458.5,0
1083.79234313965,27.6573190540075,1052,456.5,0
1614.72205352783,7.48241291940212,1059,453,0
655.698217153549,0.487095449119806,1058,454,0
547.267996072769,16.8876977786422,1060,458.5,0
559.871691703796,35.3586525171995,1061,464,0
617.420971989632,50.332908436656,1067.5,453.5,0
930.464092969894,195.070524394512,1071.5,432.5,0
681.231442093849,99.2344041466713,1069.5,429,0
741.004561185837,89.9821195602417,1100.5,423.5,0
926.801422119141,85.9303982555866,1094,420.5,0
863.539333820343,20.8738908916712,991.5,419.5,0
1741.73682069778,397.591209411621,1026.5,434.5,0
1040.79773426056,-13.2161767631769,1050,430.5,0
2035.60657024384,-33.7184828519821,1092.5,430,0
280.117655098438,346.796962022781,206.5,361,0
1402.30465936661,209.472200870514,1126.5,435,0
233.43041574955,178.054544091225,211.5,375,0
930.047902107239,-390.044696688652,1150.5,435.5,0
1016.57857656479,-1323.3058154583,218.5,356.5,0
398.332500457764,374.225446462631,225,353.5,0
505.340066432953,806.976578950882,1177,459.5,0
115.667736530304,-222.523709893227,220,347,0
459.409532546997,-360.371681690216,1198,432,0
303.517583370209,251.661768555641,1215.5,452.5,0
-78.035861313343,4.09092581272125,200.5,351.5,0
-75.2578943967819,6.35965942591429,192,350.5,0
-87.8300886154175,7.46566593647003,170,365,0
-96.231070458889,6.94442414492369,162.5,362.5,0
-94.2393246889114,4.19449213147163,161,363,0
-183.787310838699,5.32126685604453,644,535.5,0
-311.989135086536,10.54986891523,637,537,0
-144.974288217723,3.06516520678997,637.5,538,0
-125.197912752628,2.31392407417297,841.5,435,0
-144.201887607574,3.80071115493774,832,437,0
-156.276804447174,5.02709782123566,831,437,0
-184.054391980171,8.86173215508461,829.5,444,0
-426.69101858139,14.3596783131361,817,437.5,0
-233.704908490181,8.15404835343361,812.5,437,0
-272.660575866699,10.0909864902496,805.5,439,0
-298.945624351501,13.4734011292458,800,438,0
0.544598788022995,-1.82654868811369,650,404.5,1
29.4685583114624,-5.13715571165085,1267,396,1
26.7948215007782,-2.33281403779983,1044,397,1
183.470740020275,-1.84371786005795,902.5,436.5,1
-0.656250298023224,-1.80965587496758,603,406,1
109.738683700562,-5.58903466165066,1172.5,399.5,1
-560.151789307594,-20.7549133747816,256.5,399,1
-0.761617530137301,-21.3323495388031,685.5,253,1
0.824630241841078,-1.25513825565577,650.5,403.5,1
17.6390427350998,-3.08923582732677,772.5,408.5,1
76.9105775356293,-3.81450256705284,1244,395.5,1
1.71701502799988,-2.44293883442879,683,409.5,1
60.6769344806671,-3.43056780099869,1096,398,1
197.796607553959,7.90328096598387,907.5,436,1
-0.396735191345215,-1.05052158236504,603,405,1
-521.895339488983,-0.046801710617729,259,398,1
113.519391417503,-4.11796307563782,1176.5,399,1
0.099098340142518,-24.8748779296875,686.5,250,1
0.451648191548884,-0.858774986118078,650.5,403.5,1
19.9557036161423,-1.32464066147804,774,408,1
80.1385488510132,-4.49661827087402,1245,394,1
26.908130645752,-2.27733690291643,1048,396.5,1
2.15209299698472,-1.16074461489916,683.5,409,1
430.548582673073,45.3125011026859,908.5,436.5,1
-1118.12942504883,-21.2514920346439,254,395.5,1
-0.551096573472023,-48.4990539550781,685,244,1
0.464680194854736,0.243171080946922,605,406,1
229.718430995941,-3.27419467270374,1191,399,1
47.8199124336243,5.66109491884708,778,408.5,1
1.81556382775307,1.04526779055595,651.5,404,1
126.678337097168,-2.13896688073874,1250,393.5,1
3.90230815857649,1.42756420373917,683.5,409,1
3.51008335500956,2.01540619134903,692.5,411,1
68.8338489532471,-3.33325564861298,1264,393.5,1
253.266121387482,30.1752062439918,919,437,1
-530.853247046471,-7.95041451975703,252.5,380.5,1
-1.12064492702484,1.93546079099178,604,405.5,1
-0.504879765212536,-24.6608179807663,685,241,1
24.1679384112358,5.4599721878767,780.5,408.5,1
106.806704640388,0.035346472752281,1199.5,398.5,1
0.370054140686989,1.85820566117764,652,404.5,1
1.27955602481961,2.58926975727081,681.5,409,1
1.42410640418529,3.32959368824959,693,410.5,1
40.4198375940323,-0.548813911154866,1261.5,392.5,1
65.0966985225678,0.745385652408004,1116,397.5,1
276.989165067673,19.8006989955902,925,437,1
-517.066892147064,-4.20349209569395,253,395,1
-0.208249725401402,-26.5992842316628,685.5,237.5,1
-0.184782162308693,0.085539417341352,605,406,1
118.298120498657,-2.45071712881327,1202,398.5,1
26.1730449199676,3.29501742124557,783,409,1
0.191381201148033,0.13617370929569,651.5,404.5,1
44.7372817993164,-1.53035344555974,1261.5,392.5,1
1.59961104393005,0.94787273555994,682.5,409,1
2.16177496314049,1.21322692930698,693.5,411,1
68.3583297729492,-0.563769154250622,1118,396.5,1
307.01366186142,34.7260792255402,929.5,438,1
-0.337027233093977,2.05544278025627,603.5,406,1
-503.24335038662,-19.5209303833544,253,393.5,1
26.9450197219849,7.91875058412552,784,411,1
0.118132733739913,-31.0904867649078,683.5,234,1
124.017972946167,2.82457441091537,1214,398.5,1
1.63420182466507,1.72604876756668,653,406,1
44.4213905334473,2.48394850641489,1262,392.5,1
2.68503923714161,3.5152443125844,695.5,411.5,1
2.28957217931747,2.82940131425858,680,409,1
302.209131002426,30.0846477746963,936,447,1
-0.080865286290646,-30.0832207202911,684,230.5,1
-0.593921899795532,0.008416421478614,605,406,1
128.650157928467,0.058089509024285,1219,398.5,1
26.8319737911224,3.30702370405197,785,409,1
-481.945950508118,-26.7471001297235,252,394,1
38.021363735199,-0.148997440002859,1266,393.5,1
-0.001742918655509,0.000925406202441,653,405.5,1
1.64158225059509,1.18098546564579,695,410.5,1
1.00735826045275,0.331624511629343,680.5,408.5,1
708.813837528229,27.8422498703003,949,448,1
-1.04723727703094,-1.08947468549013,606,406,1
61.471794128418,0.599265452474356,792,408,1
-1.77750939130783,-83.2543344497681,685.5,222.5,1
-914.72721862793,-81.4723650366068,257,393.5,1
222.270629882812,-8.97679761052132,1234.5,397.5,1
1.18926483392715,-0.553539711982012,652,405.5,1
3.74883368611336,-1.26957248151302,692.5,408.5,1
54.9389061927795,-5.1522975564003,1268,393.5,1
413.594379901886,10.5278125405312,953,448,1
-0.951853808015585,-0.317342936061323,605.5,406.5,1
-0.846463099122047,-41.1097501516342,683,217.5,1
-454.641755580902,-20.7215595059097,251,396.5,1
35.5168279409409,-0.478586819022894,793.5,409,1
2.28195168077946,-0.771494347602129,692.5,409.5,1
130.733654975891,-6.70786762237549,1237.5,398,1
1.07211357355118,-0.648710746318102,652.5,405.5,1
-534.67470574379,-131.121088922024,253.5,316,1
461.031419277191,22.5937524437904,962.5,449,1
-1.39519425854087,1.00428991019726,605.5,406,1
-1.23550998419523,-47.462247133255,684,212.5,1
116.672988295555,-4.84923416376114,1245.5,396.5,1
30.9215897321701,2.08116771653295,796.5,407.5,1
-443.873293161392,-9.1695324331522,247,397,1
-326.206159591675,12.5607427954674,795,444.5,0
-712.357778549194,31.0606173276901,771,446.5,0
-401.00526869297,15.6689684987068,763.5,446,0
60.4289685487747,-19.3542142957449,168,480,0
53.9271919727325,1.39873425941914,172,479.5,0
-430.323808193207,13.3773136138916,759.5,445.5,0
-415.080965638161,16.3966543227434,745.5,446.5,0
23.8826678395271,-9.15040085650981,173,479.5,0
-524.054931640625,22.119125187397,728,452,0
13.973320260644,-1.86166860954836,174.5,479.5,0
-1073.66250324249,42.0155484974384,707.5,451.5,0
-11.6926231011748,17.618973068893,176.5,479,0
-624.944424152374,21.8981359004974,696.5,456,0
-46.7586627155542,9.81079214811325,175.5,481,0
-616.255231142044,21.1034694910049,693,454,0
-64.9481671303511,8.36032229475677,176.5,481.5,0
-638.185546398163,20.8073747903109,677,458.5,0
-80.6632072627544,7.11171704530716,173.5,480,0
-657.035113573074,24.8941794484854,663.5,459.5,0
-92.5873160362244,4.41322400700301,174,480.5,0
-1491.05284118652,39.2717590332031,631,460,0
-221.647862553596,21.9136686623096,169,478.5,0
-772.974022865295,18.1896388530731,611.5,458.5,0
-135.208606302738,6.19351986050606,165.5,482,0
-759.214787483215,16.3601949065924,602,462.5,0
-141.683109283447,13.4772276803851,165,478,0
-779.226940155029,5.72185938432813,582,466.5,0
-157.879571437836,17.3142110556364,160,479.5,0
-883.077283859253,0.824475008994341,571,465,0
-159.865860700607,12.2462897896767,157,477.5,0
-2257.40597248077,-8.06388190761209,541.5,462.5,0
-299.072013258934,34.9759221076965,154.5,477,0
-1164.97086811066,2.01531736552715,521,464,0
-154.18549990654,11.6722316481173,156,476.5,0
-1164.79009389877,-5.20641193538904,503,462,0
-147.549006342888,14.8843214549124,156,478.5,0
-1043.12497472763,-9.18127427250147,483.5,462.5,0
-154.300071299076,9.5684027671814,155.5,475,0
-1104.31456232071,-4.80343168973923,473.5,461,0
-162.363858819008,2.71696059498936,155,477.5,0
-2363.2217206955,2.42634370364249,435,461.5,0
-334.901281476021,10.9832246899605,135.5,482,0
-1076.32454752922,10.8718813657761,428.5,461,0
-158.1830753088,17.6662826612592,133,485.5,0
-1086.12159562111,4.08557524904609,413.5,463,0
-184.105072617531,22.5941961854696,133.5,485.5,0
-1097.43179512024,9.35633450746536,402,462.5,0
-174.549156904221,25.8494948148727,130,486,0
-1037.25392484665,11.6291303783655,380.5,461,0
-172.869656682014,30.9467607960105,128,485.5,0
-1529.05200433731,9.32668600231409,347.5,465.5,0
-230.780845522881,58.0799875110388,124.5,489.5,0
-972.989499092102,3.15078679844737,323,463,0
-169.273701310158,26.9803833812475,116.5,489.5,0
-880.167207717896,3.87519188225269,310.5,463,0
-160.776804804802,22.3446880280972,114,489.5,0
-831.874427318573,3.72839942201972,304,464,0
-129.546624004841,26.8769319877028,111.5,507.5,0
-777.516685009003,-2.88994118571281,289,465,0
-127.463211715221,19.5652489364147,113.5,508.5,0
-1322.09324455261,-23.2888414859772,266,462,0
-201.579566955566,23.0157548338175,112,512.5,0
-602.689609408379,-10.8611903861165,259.5,462.5,0
-108.753775835037,13.4131013192236,109.5,512.5,0
-233.571849346161,16.4116138964891,311.5,473.5,0
420.178093910217,21.239662528038,908.5,520,0
-557.991355895996,49.8280338048935,304,477.5,0
754.754737854004,92.0338341593742,916,524,0
-279.384368658066,33.5673294067383,286.5,477.5,0
410.495536804199,74.8498277664185,921,525,0
-282.919152855873,35.6771143078804,284.5,482.5,0
393.273015975952,70.7387180626392,928,529.5,0
-279.911406517029,37.5582499802113,281,484.5,0
419.580606222153,69.4158844649792,939.5,531.5,0
-282.800368666649,38.7879629731178,274.5,487,0
426.633444070816,67.7595790326595,943,531.5,0
-706.344966650009,65.6233915686607,262.5,492.5,0
903.434252738953,101.87301492691,957,527,0
-402.454342961311,29.1449933350086,246.5,493.5,0
425.080261230469,60.1213312149048,961.5,531,0
-374.781630635262,23.455158084631,247.5,494,0
498.647026062012,27.4724721461534,968,530,0
-431.433292865753,16.2831817120314,238.5,494.5,0
447.63176548481,20.5782805979252,969.5,536,0
-458.32507610321,18.1057657599449,223,495,0
473.851870894432,28.2143567800522,978.5,537,0
-1004.13326644897,79.7429065704346,207.5,506,0
899.423891067505,73.183473110199,997.5,544,0
-564.661762237549,35.3908896446228,191.5,507,0
465.309116125107,43.2556723058224,1000,542.5,0
-604.00200843811,50.2325506210327,190,511,0
470.263931155205,35.9283611699939,1018.5,543.5,0
-557.997943639755,46.7454206943512,186,512,0
464.13577067852,29.9082159474492,1025.5,542.5,0
116.857914626598,-6.0530948266387,998.5,392.5,0
-573.344577789307,61.0644822120667,182,517,0
478.790644288063,19.718251645565,1031.5,541.5,0
-986.769431829453,152.343258440495,174.5,529.5,0
661.173399209976,15.3889260590076,1041.5,536,0
-518.842103838921,72.2119293510914,174.5,532.5,0
1.53960067033768,0.378835387527943,691.5,408.5,1
-0.179003578145057,0.00467429618584,652.5,406,1
0.729430317878723,0.346693619154394,680,408.5,1
482.902478814125,34.841028675437,966.5,451.5,1
-412.515159130097,-11.2860515713692,252,362,1
-0.576945506036282,0.841864049434662,603.5,407,1
-1.41209772974253,-53.8012804985046,682.5,206.5,1
36.311931014061,4.02054762840271,799.5,410,1
1.1226148083806,0.981446458026767,692.5,408.5,1
104.926651954651,-4.284827247262,1250,397.5,1
-0.093581216875464,0.220849737524986,652.5,405.5,1
521.399411916733,32.0594914853573,975.5,451,1
-421.54768371582,5.63609842211008,248,366.5,1
-2.07115638256073,-49.2370009422302,683.5,203.5,1
36.5054896473885,3.97284726798534,803.5,411.5,1
-0.116655447287485,1.80808901786804,604.5,407,1
3.01351265609264,0.312136582098901,693,409.5,1
107.496465444565,-6.90688528120518,1251.5,395.5,1
0.870500415563583,0.245073147118092,652,406,1
17.8877500891686,1.30955960229039,841.5,407.5,1
1310.29090118408,82.7954985499382,999.5,454,1
-1.59364879131317,0.63572808355093,604,407.5,1
94.3048920631409,5.90251159667969,808,411,1
3.67989253252745,-0.416583131067455,692.5,409.5,1
-593.244372606277,-29.2971838638186,241.5,357,1
-2.88027490675449,-129.364421367645,680.5,191.5,1
0.836210925132036,-0.159855205565691,651.5,405,1
2.61603333055973,-0.267156768590212,679,407.5,1
688.96980714798,50.445161819458,1005,456,1
-1.37227836996317,-0.181866235099733,604,407.5,1
-291.777017116547,-37.5716658681631,235,356.5,1
49.9089698791504,2.43544625490904,815,409.5,1
0.800747364759445,-1.47747305035591,692,409,1
-2.05945926904678,-68.1033982038498,682,184.5,1
0.428082022815943,-0.316782271489501,651.5,405.5,1
21.8839772939682,-0.309397283941507,848,407,1
787.547141075134,50.8110679388046,1022.5,457.5,1
-254.186745285988,-6.71976891160011,235.5,359,1
0.077798993559554,-1.42179624736309,603.5,406.5,1
56.2326647043228,-0.039423856651411,815,410,1
3.29253394156694,-2.76183548569679,692.5,410,1
-2.74274279177189,-83.2210235595703,679.5,178,1
0.870410650968552,-1.01841459423304,652,405.5,1
25.6844446659088,-0.466444618999958,852,409,1
853.896537065506,61.7366576194763,1028.5,457.5,1
-1.04411982372403,-1.26054897904396,603.5,406,1
0.377299720421433,-2.64223693311214,692.5,409,1
57.5619337558746,1.57680846750736,820,410,1
-1.49833559989929,-84.5922939777374,681.5,170,1
-228.605049490929,-0.187647597107571,237,363.5,1
0.104293836280704,-0.760216247290373,651.5,404.5,1
901.649547100067,67.7370735704899,1034,458.5,1
-0.485938433557749,-1.34529083967209,603,406,1
57.0915387868881,2.70242818817496,824,411.5,1
2.40021292865276,-2.33334627747536,694,409.5,1
0.206536322832108,-0.933362424373627,651,404,1
-217.713940680027,-25.1484385728836,237,362,1
1.78234733641148,-0.855225831270218,753,397,1
-187.918613910675,-28.5528083145618,241.5,324,1
1997.24354982376,103.979721307755,1047.5,461,1
-1.78106415271759,0.295970317907631,603,405.5,1
144.428363800049,14.4726170599461,831,411.5,1
-510.099592208862,-64.4795214384794,237,360,1
2.26218768209219,1.23964910209179,694,409,1
-4.04086920619011,-187.630908966064,679.5,149,1
0.234909653663635,0.501407746225596,651,404.5,1
3.02098272740841,0.136029705405235,753.5,398,1
1023.70935249329,62.6998654603958,1047,460.5,1
-1.92627869546413,0.321021560579538,603,406,1
1.83636870235205,1.16564726829529,693.5,410,1
72.0364215373993,8.37106615304947,832.5,411,1
-220.54473054409,-24.8954941034317,232,332,1
-241.837384700775,-26.5512490645051,229.5,361,1
0.180151466280222,0.459609881043434,651.5,405,1
1.53982003033161,0.304181925952434,754,397,1
1046.8569688797,54.6796789318323,1046,459.5,1
-1.49660456180573,0.094964010640979,602,406,1
0.246818429790437,0.115032610483468,693,410,1
-249.696348309517,-57.504720531404,231.5,339.5,1
83.7612556219101,8.38872978836298,840,411.5,1
-0.400240734219551,-0.003891059779562,651,405.5,1
-4.79686993360519,-112.940493822098,678.5,130.5,1
-263.405449509621,-57.7825565636158,227,360,1
1.59041826426983,-0.004102273931494,755,397.5,1
1037.29646086693,35.479743629694,1047.5,458.5,1
-1.93927153944969,-1.46906673908234,602,406,1
-4.63363933563232,-131.387508392334,679,120,1
-247.961313605309,-47.2675629705191,234,335,1
0.037638609297574,-1.28663732111454,652,405,1
105.204473495483,0.087832015240565,849,407.5,1
2.43296874314547,-3.72358374297619,694,410.5,1
1.57061919569969,-1.65355825424194,754,397.5,1
1083.79234313965,27.6573190540075,1052,456.5,1
-1.58690237998962,-2.65196907520294,602,405.5,1
0.323892518877983,-2.327885389328,652,404,1
-235.176063776016,-49.0164748579264,230.5,335.5,1
87.608814239502,-3.34816157817841,848,410,1
1.56875850260258,-5.79637058079243,694,408.5,1
-3.75428986549377,-136.826389789581,678,108.5,1
1614.72205352783,7.48241291940212,1059,453,1
-2.10437139635905,-1.66775436978787,742.5,462,0
-3.0349297337234,-1.84940374270081,743,462,0
-2.0616923016496,-2.14856467209756,744.5,462.5,0
-1.32280796160921,-1.5984974335879,743,463,0
0.304893835098482,-1.92002060869708,742.5,462.5,0
0.112788564802031,-0.203117216937243,742.5,463,0
-0.608041816973127,1.16602591704577,742.5,463,0
-0.642007279675453,1.16778298094868,740,463,0
-0.811257516033947,1.33510384708642,740,463,0
-1.17868232633918,2.66652639955282,737,463,0
-0.825486673507839,0.693213621620088,735.5,462.5,0
-0.231141246797051,0.003389476112716,736.5,462.5,0
-0.059221133247775,-0.005573770823503,736.5,462.5,0
-0.251362789131235,0.172613717673812,735.5,463,0
-0.208487160445656,0.00871537700732,735,462,0
0.081901443583774,0.067895665051765,735.5,462.5,0
0.684111651789862,-0.262610788922756,737.5,463,0
0.347658701357431,0.126594690373167,737.5,463,0
0.228234509588219,0.007108970101399,737,463.5,0
0.414352614490781,0.181768741196719,737.5,463.5,0
0.752994091366417,0.111492060357704,734.5,463,0
0.148857525346102,0.023611341079231,733,463,0
-0.509216944919899,0.161452729487791,733,463,0
-0.237857156898826,0.238881680706981,734,463.5,0
-1.35002241586335,0.246736463101115,734,463.5,0
-0.946543041616678,0.062456472427584,734,463.5,0
-0.900174228474497,-0.0871924047824,735,463,0
-1.06633107550442,0.02773172846355,734,463,0
-0.807058650418184,0.030860674873111,734.5,463.5,0
-0.733232196420431,0.267482377821579,734,463,0
-0.880877865711227,0.133313427999382,733,462.5,0
-0.43983081827173,0.031234300258802,732.5,462.5,0
-0.578282322152517,0.285744297201745,734.5,462.5,0
-0.245913883554749,0.175362300127744,734.5,463,0
-0.118871315498836,0.073700723951333,733,462.5,0
-1.08868179842829,0.018400442797429,733,462.5,0
-0.311471748631447,0.049236108956393,733,462.5,0
-0.426605048589408,0.070704041761928,732.5,462.5,0
-343.782472372055,204.950373649597,438.5,508,0
498.055797100067,197.799585163593,67,484.5,0
-343.782472372055,204.950373649597,438.5,508,0
498.055797100067,197.799585163593,67,484.5,0
-80.6704688966274,959.821596145629,629.5,351,0
-98.9622459411621,-6.80263890326023,624,350,0
-0.0001528399157,3.1E-05,1120.5,342.5,0
-402.218377590179,389.99987411499,620.5,365,0
0.348247071378864,-0.128622356336563,620.5,365,0
-837.055389404296,586.440715312957,601,392.5,0
-761.075477600097,-71.4000994265079,596,381.5,0
-0.222718271426856,-0.013673594570719,595.5,381.5,0
-522.200045585632,207.282744526863,579,399,0
0.14779797027586,0.183202472631819,579,399,0
-342.879329323768,-379.902160644531,555.5,395,0
-390.791333317756,653.791647791862,553.5,410.5,0
-0.712272226810455,-0.546019754488952,553,410.5,0
